{
  "Login": [
    {
      "id": "9158",
      "username": "",
      "password": ""
    },
    {
      "id": "3246",
      "username": "",
      "password": ""
    },
    {
      "id": "d073",
      "username": "",
      "password": ""
    },
    {
      "id": "a4e6",
      "username": "",
      "password": ""
    },
    {
      "id": "acb4",
      "username": "",
      "password": ""
    },
    {
      "id": "0da3",
      "username": "",
      "password": ""
    },
    {
      "id": "8d7a",
      "username": "",
      "password": ""
    },
    {
      "id": "3664",
      "username": "",
      "password": ""
    },
    {
      "id": "d027",
      "username": "",
      "password": ""
    },
    {
      "id": "80fc",
      "username": "",
      "password": ""
    },
    {
      "id": "0ba2",
      "username": "",
      "password": ""
    },
    {
      "id": "991c",
      "username": "",
      "password": ""
    },
    {
      "id": "fc6f",
      "username": "",
      "password": ""
    },
    {
      "id": "ac42",
      "username": "",
      "password": ""
    },
    {
      "id": "1936",
      "username": "",
      "password": ""
    },
    {
      "id": "354d",
      "username": "",
      "password": ""
    },
    {
      "id": "77ef",
      "username": "",
      "password": ""
    },
    {
      "id": "fa84",
      "username": "sharda",
      "password": "123456"
    },
    {
      "id": "1de2",
      "username": "sharda",
      "password": "123456"
    },
    {
      "id": "a8c4",
      "username": "sharda",
      "password": "123456"
    }
  ],
  "Register": [
    {
      "name": "exampleUser",
      "email": "exampleUser@gmail.com",
      "password": "examplePassword",
      "id": "b0e5"
    },
    {
      "id": "7a1d",
      "name": "",
      "email": "",
      "password": ""
    },
    {
      "id": "0eb5",
      "name": "sharda",
      "email": "sharda@gmail.com",
      "password": "123"
    },
    {
      "id": "dee3",
      "name": "sharda",
      "email": "sharda@gmail.com",
      "password": "123456"
    },
    {
      "id": "315b",
      "name": "sharda",
      "email": "sharda@gmail.com",
      "password": "123456"
    },
    {
      "id": "aa1a",
      "name": "",
      "email": "",
      "password": ""
    },
    {
      "id": "feb8",
      "name": "sharda",
      "email": "sharda@gmail.com",
      "password": "123456"
    }
  ],
  "Product": [
    {
      "name": "sharda",
      "description": "sharda@gmail.com",
      "price": "123456"
    }
  ]
}